,id,name,brewery_type,street,address_2,address_3,city,state,county_province,postal_code,country,longitude,latitude,phone,website_url,updated_at,created_at
0,10-56-brewing-company-knox,10-56 Brewing Company,micro,400 Brown Cir,,,Knox,Indiana,,46534,United States,-86.627954,41.289715,6308165790,,2023-02-21T01:41:59.300Z,2023-02-21T01:41:59.300Z
1,10-barrel-brewing-co-bend-1,10 Barrel Brewing Co,large,62970 18th St,,,Bend,Oregon,,97701-9847,United States,-121.28170597038259,44.08683530625218,5415851007,http://www.10barrel.com,2023-02-21T01:41:59.300Z,2023-02-21T01:41:59.300Z
2,10-barrel-brewing-co-bend-2,10 Barrel Brewing Co,large,1135 NW Galveston Ave Ste B,,,Bend,Oregon,,97703-2465,United States,-121.32880209261799,44.057564901366796,5415851007,,2023-02-21T01:41:59.300Z,2023-02-21T01:41:59.300Z
3,10-barrel-brewing-co-bend-pub-bend,10 Barrel Brewing Co - Bend Pub,large,62950 NE 18th St,,,Bend,Oregon,,97701,United States,-121.2809536,44.0912109,5415851007,,2023-02-21T01:41:59.300Z,2023-02-21T01:41:59.300Z
4,10-barrel-brewing-co-boise-boise,10 Barrel Brewing Co - Boise,large,826 W Bannock St,,,Boise,Idaho,,83702-5857,United States,-116.202929,43.618516,2083445870,http://www.10barrel.com,2023-02-21T01:41:59.300Z,2023-02-21T01:41:59.300Z
5,10-barrel-brewing-co-denver-denver,10 Barrel Brewing Co - Denver,large,2620 Walnut St,,,Denver,Colorado,,80205-2231,United States,-104.9853655,39.7592508,7205738992,,2023-02-21T01:41:59.300Z,2023-02-21T01:41:59.300Z
6,10-barrel-brewing-co-portland,10 Barrel Brewing Co,large,1411 NW Flanders St,,,Portland,Oregon,,97209-2620,United States,-122.6855056,45.5259786,5032241700,http://www.10barrel.com,2023-02-21T01:41:59.300Z,2023-02-21T01:41:59.300Z
7,10-barrel-brewing-co-san-diego,10 Barrel Brewing Co,large,1501 E St,,,San Diego,California,,92101-6618,United States,-117.129593,32.714813,6195782311,http://10barrel.com,2023-02-21T01:41:59.300Z,2023-02-21T01:41:59.300Z
8,10-torr-distilling-and-brewing-reno,10 Torr Distilling and Brewing,micro,490 Mill St,,,Reno,Nevada,,89502,United States,-119.7732015,39.5171702,7755307014,http://www.10torr.com,2023-02-21T01:41:59.300Z,2023-02-21T01:41:59.300Z
9,101-brewery-quilcene,101 Brewery,brewpub,294793 US Highway 101,,,Quilcene,Washington,,98376-9000,United States,-122.87558226136872,47.823475773720666,3607656485,http://www.101brewery.com,2023-02-21T01:41:59.300Z,2023-02-21T01:41:59.300Z
10,101-north-brewing-company-petaluma,101 North Brewing Company,closed,1304 Scott St Ste D,,,Petaluma,California,,94954-7100,United States,-122.66505504468803,38.270293813150886,7077534934,http://www.101northbeer.com,2023-02-21T01:41:59.300Z,2023-02-21T01:41:59.300Z
11,105-west-brewing-co-castle-rock,105 West Brewing Co,micro,1043 Park St,,,Castle Rock,Colorado,,80109-1585,United States,-104.8667206,39.38269495,3033257321,http://www.105westbrewing.com,2023-02-21T01:41:59.300Z,2023-02-21T01:41:59.300Z
12,10k-brewing-anoka,10K Brewing,micro,2005 2nd Ave,,,Anoka,Minnesota,,55303-2243,United States,-93.38952559,45.19812039,7633924753,http://10KBrew.com,2023-02-21T01:41:59.300Z,2023-02-21T01:41:59.300Z
13,10th-district-brewing-company-abington,10th District Brewing Company,micro,491 Washington St,,,Abington,Massachusetts,,02351-2419,United States,-70.94594149,42.10591754,7813071554,http://www.10thdistrictbrewing.com,2023-02-21T01:41:59.300Z,2023-02-21T01:41:59.300Z
14,11-below-brewing-company-houston,11 Below Brewing Company,micro,6820 Bourgeois Rd,,,Houston,Texas,,77066-3107,United States,-95.5186591,29.9515464,2814442337,http://www.11belowbrewing.com,2023-02-21T01:41:59.300Z,2023-02-21T01:41:59.300Z
15,1188-brewing-co-john-day,1188 Brewing Co,brewpub,141 E Main St,,,John Day,Oregon,,97845-1210,United States,-118.9218754,44.4146563,5415751188,http://www.1188brewing.com,2023-02-21T01:41:59.300Z,2023-02-21T01:41:59.300Z
16,12-acres-brewing-company-killeshin,12 Acres Brewing Company,micro,Unnamed Street,Clonmore,,Killeshin,,Laois,R93 X3X8,Ireland,-6.979343891,52.84930763,+353599107299,https://12acresbrewing.ie/,2023-02-21T01:41:59.300Z,2023-02-21T01:41:59.300Z
17,12-gates-brewing-company-williamsville,12 Gates Brewing Company,brewpub,80 Earhart Dr Ste 20,,,Williamsville,New York,,14221-7804,United States,,,7169066600,http://www.12gatesbrewing.com,2023-02-21T01:41:59.300Z,2023-02-21T01:41:59.300Z
18,12-west-brewing-company-gilbert,12 West Brewing Company,micro,3000 E Ray Rd Bldg 6,,,Gilbert,Arizona,,85296-7832,United States,,,6023395014,http://www.12westbrewing.com,2023-02-21T01:41:59.300Z,2023-02-21T01:41:59.300Z
19,12-west-brewing-company-production-facility-mesa,12 West Brewing Company - Production Facility,micro,,,,Mesa,Arizona,,85207,United States,-111.5860662,33.436188,,,2023-02-21T01:41:59.300Z,2023-02-21T01:41:59.300Z
20,122-west-brewing-co-bellingham,122 West Brewing Co,closed,2416 Meridian St,,,Bellingham,Washington,,98225-2405,United States,-122.485982,48.7621709,3603063285,https://www.122westbrew.com/,2023-02-21T01:41:59.300Z,2023-02-21T01:41:59.300Z
21,127-brewing-jackson,127 Brewing,micro,3090 Shirley Dr,,,Jackson,Michigan,,49201-7010,United States,-84.43116792,42.28667212,5172581346,,2023-02-21T01:41:59.300Z,2023-02-21T01:41:59.300Z
22,12degree-brewing-louisville,12Degree Brewing,brewpub,820 Main St,,,Louisville,Colorado,,80027-1865,United States,-105.1319826,39.9782443,3035791004,http://www.12degree.com,2023-02-21T01:41:59.300Z,2023-02-21T01:41:59.300Z
23,12welve-eyes-brewing-saint-paul,12welve Eyes Brewing,micro,141 E 4th St Ste LL2,,,Saint Paul,Minnesota,,55101-1639,United States,,,6514938106,http://www.12welveEyes.com,2023-02-21T01:41:59.300Z,2023-02-21T01:41:59.300Z
24,13-below-brewery-cincinnati,13 Below Brewery,micro,7391 Forbes Rd,,,Cincinnati,Ohio,,45233-1013,United States,-84.70634815,39.12639764,5139750613,http://www.13belowbrewery.com,2023-02-21T01:41:59.300Z,2023-02-21T01:41:59.300Z
25,13-stripes-brewery-taylors,13 Stripes Brewery,brewpub,"250 Mill St, Suite PW3101",,,Taylors,South Carolina,,29687,United States,,,8643491430,http://www.13StripesBrewery.com,2023-02-21T01:41:59.300Z,2023-02-21T01:41:59.300Z
26,13-virtues-brewing-co-portland,13 Virtues Brewing Co,brewpub,6410 SE Milwaukie Ave,,,Portland,Oregon,,97202-5518,United States,-122.6487531,45.4762536,5032393831,http://www.13virtuesbrewing.com,2023-02-21T01:41:59.300Z,2023-02-21T01:41:59.300Z
27,1323-r-and-d-raleigh,1323 R & D,micro,1323 Capital Blvd 1323 R and D,,,Raleigh,North Carolina,,27603-1117,United States,,,9199775654,http://www.1323rnd.com,2023-02-21T01:41:59.300Z,2023-02-21T01:41:59.300Z
28,14-cannons-brewing-company-westlake-village,14 Cannons Brewing Company,micro,31125 Via Colinas Ste 907,,,Westlake Village,California,,91362-3974,United States,-118.802397,34.15334,8186996165,http://14cannons.com,2023-02-21T01:41:59.300Z,2023-02-21T01:41:59.300Z
29,14-lakes-brewery-crosslake,14 Lakes Brewery,micro,,,,Crosslake,Minnesota,,56442,United States,,,2186924129,,2023-02-21T01:41:59.300Z,2023-02-21T01:41:59.300Z
30,14er-brewing-company-denver,14er Brewing Company,proprietor,2801 Walnut St,,,Denver,Colorado,,80205-2235,United States,-104.9839636,39.7614112,7207731437,http://www.14erBrewing.com,2023-02-21T01:41:59.300Z,2023-02-21T01:41:59.300Z
31,14th-star-brewing-saint-albans,14th Star Brewing,micro,133 N Main St Ste 7,,,Saint Albans,Vermont,,05478-1735,United States,,,8025285988,http://www.14thstarbrewing.com,2023-02-21T01:41:59.300Z,2023-02-21T01:41:59.300Z
32,16-lots-brewing-mason,16 Lots Brewing,brewpub,753 Reading Rd,,,Mason,Ohio,,45040-1303,United States,-84.3183801,39.3545967,5134863672,http://www.16lots.com,2023-02-21T01:41:59.300Z,2023-02-21T01:41:59.300Z
33,16-mile-brewing-co-georgetown,16 Mile Brewing Co,micro,413 S Bedford St,,,Georgetown,Delaware,,19947-1849,United States,-75.37816436,38.6788938,3022538816,http://www.16milebrewery.com,2023-02-21T01:41:59.300Z,2023-02-21T01:41:59.300Z
34,16-stone-brewpub-holland-patent,16 Stone Brewpub,brewpub,9542 Main St,,,Holland Patent,New York,,13354,United States,-75.2565195,43.24211175,3158658500,http://www.16stonebrewpub.com,2023-02-21T01:41:59.300Z,2023-02-21T01:41:59.300Z
35,1623-brewing-co-llc-westminister,"1623 Brewing CO, llc",contract,1146 colonel Joshua Ct,,,Westminister,Maryland,,21157,United States,,,,,2023-02-21T01:41:59.300Z,2023-02-21T01:41:59.300Z
36,1717-brewing-co-des-moines,1717 Brewing Co,micro,322 E Court Ave,,,Des Moines,Iowa,,50309-2015,United States,-93.6120353,41.5872267,5152437868,http://1717brewing.com,2023-02-21T01:41:59.300Z,2023-02-21T01:41:59.300Z
37,1718-ocracoke-brewing-ocracoke,1718 Ocracoke Brewing,brewpub,1129 Irvin Garrish Hwy,,,Ocracoke,North Carolina,,27960,United States,-75.97176063,35.10715368,2529282337,http://www.ocracokebrewing.com,2023-02-21T01:41:59.300Z,2023-02-21T01:41:59.300Z
38,1781-brewing-company-spotsylvania,1781 Brewing Company,micro,11109 Plank Rd,,,Spotsylvania,Virginia,,22553-4258,United States,,,5408412598,,2023-02-21T01:41:59.300Z,2023-02-21T01:41:59.300Z
39,180-and-tapped-coraopolis,180 and Tapped,micro,2010 A State Ave,,,Coraopolis,Pennsylvania,,15108,United States,-80.15020356,40.50984957,4127375273,http://www.180andtapped.com,2023-02-21T01:41:59.300Z,2023-02-21T01:41:59.300Z
40,1817-brewery-okolona,1817 Brewery,micro,100 B South Olive St,,,okolona,Mississippi,,38860,United States,-88.750264,34.001703,6623055907,,2023-02-21T01:41:59.300Z,2023-02-21T01:41:59.300Z
41,1840-brewing-company-milwaukee,1840 Brewing Company,micro,342 E Ward St,,,Milwaukee,Wisconsin,,53207-1348,United States,-87.90606942,43.00436242,4142364056,http://www.1840brewing.com,2023-02-21T01:41:59.300Z,2023-02-21T01:41:59.300Z
42,1850-brewing-company-mariposa,1850 Brewing Company,micro,,,,Mariposa,California,,95338,United States,-119.9036592,37.570148,,http://www.1850restaurant.com,2023-02-21T01:41:59.300Z,2023-02-21T01:41:59.300Z
43,18th-street-brewery-gary,18th Street Brewery,micro,5725 Miller Ave,,,Gary,Indiana,,46403-2871,United States,-87.26887786,41.59928343,,http://www.18thstreetbrewery.com,2023-02-21T01:41:59.300Z,2023-02-21T01:41:59.300Z
44,18th-street-brewery-hammond,18th Street Brewery,micro,5417 Oakley Ave,,,Hammond,Indiana,,46320-1817,United States,-87.517422,41.61556796,,,2023-02-21T01:41:59.300Z,2023-02-21T01:41:59.300Z
45,1905-brewing-company-assumption,1905 Brewing Company,micro,1301 S Chestnut St,,,Assumption,Illinois,,62510-8504,United States,-89.0503635,39.5172564,2172549374,http://1905BrewingCompany.com,2023-02-21T01:41:59.300Z,2023-02-21T01:41:59.300Z
46,1912-brewing-tucson,1912 Brewing,micro,2045 N Forbes Blvd Ste 105,,,Tucson,Arizona,,85745-1444,United States,-110.9927505,32.24673727,5202564851,http://www.1912brewing.com,2023-02-21T01:41:59.300Z,2023-02-21T01:41:59.300Z
47,192-brewing-kenmore,192 Brewing,micro,7324 NE 175th St,,,Kenmore,Washington,,98028-2500,United States,-122.2415652,47.75670075,4254242337,http://www.192brewing.com,2023-02-21T01:41:59.300Z,2023-02-21T01:41:59.300Z
48,1940s-brewing-company-holbrook,1940's Brewing Company,micro,1337 Lincoln Ave Unit 1,,,Holbrook,New York,,11741-2275,United States,,,6315334838,http://www.1940sbrewingcompany.com,2023-02-21T01:41:59.300Z,2023-02-21T01:41:59.300Z
49,1st-republic-brewing-co-essex-junction,1st Republic Brewing Co,micro,39 River Rd Ste 6,,,Essex Junction,Vermont,,05452-3879,United States,,,8028575318,http://www.1strepublic-homebrew.com,2023-02-21T01:41:59.300Z,2023-02-21T01:41:59.300Z
50,2-basset-brewery-white-sulphur-springs,2 Basset Brewery,micro,202 E Main St,,,White Sulphur Springs,Montana,,59645-9081,United States,-110.9004865,46.54807609,4065472337,http://www.2bassetbrewery.com,2023-02-21T01:41:59.300Z,2023-02-21T01:41:59.300Z
51,2-dogz-and-a-guy-brewing-montrose,2 Dogz and A Guy Brewing,micro,228 Church St,,,Montrose,Pennsylvania,,18801-1271,United States,-75.8800318,41.8336364,5704320069,http://2dogzandaguybrewing.com,2023-02-21T01:41:59.300Z,2023-02-21T01:41:59.300Z
52,2-feet-brewing-company-bangor,2 Feet Brewing Company,brewpub,80 Columbia St,,,Bangor,Maine,,04401-6319,United States,-68.77283099,44.80012684,2075731979,http://www.2feetbrewing.com,2023-02-21T01:41:59.300Z,2023-02-21T01:41:59.300Z
53,2-row-brewing-midvale,2 Row Brewing,micro,6856 S 300 W,,,Midvale,Utah,,84047-1083,United States,-111.9007652,40.5950202,8019878663,http://www.2rowbrewing.com,2023-02-21T01:41:59.300Z,2023-02-21T01:41:59.300Z
54,2-silos-brewing-company-manassas,2 Silos Brewing Company,micro,9925 Discovery Blvd,,,Manassas,Virginia,,20109,United States,,,7034202257,http://www.2silosbrewing.com,2023-02-21T01:41:59.300Z,2023-02-21T01:41:59.300Z
55,2-tones-brewing-co-whitehall,2 Tones Brewing Co.,micro,4539 E Broad St,,,Whitehall,Ohio,,43213-1308,United States,-82.9118174,40.0030689,,http://www.2tonesbrewingco.com,2023-02-21T01:41:59.300Z,2023-02-21T01:41:59.300Z
56,2-tread-brewing-co-santa-rosa,2 Tread Brewing Co,brewpub,1018 Santa Rosa Plz,,,Santa Rosa,California,,95401-6399,United States,-122.7167729,38.4387767,4152330857,http://www.2treadbrewing.com,2023-02-21T01:41:59.300Z,2023-02-21T01:41:59.300Z
57,2-way-brewing-company-beacon,2 Way Brewing Company,brewpub,18 W Main St,,,Beacon,New York,,12508-2512,United States,-73.9809868,41.5082102,8452027334,http://www.2waybrewingcompany.com,2023-02-21T01:41:59.300Z,2023-02-21T01:41:59.300Z
58,2-witches-winery-and-brewing-company-danville,2 Witches Winery and Brewing Company,micro,209 Trade St,,,Danville,Virginia,,24541-3545,United States,-79.42125553,36.58590349,4345492739,http://www.2witcheswinebrew.com,2023-02-21T01:41:59.300Z,2023-02-21T01:41:59.300Z
59,20-corners-brewing-llc-woodinville,20 Corners Brewing LLC,brewpub,14148 NE 190th St Ste A,,,Woodinville,Washington,,98072-8437,United States,-122.1517007,47.76864300772501,4253755223,http://www.20cornersbrewing.com,2023-02-21T01:41:59.300Z,2023-02-21T01:41:59.300Z
60,210-brewing-co-arlington,210 Brewing Co,brewpub,3438 Stoluckquamish Ln,,,Arlington,Washington,,98223-9056,United States,-122.18421,48.215096,3604749740,http://www.angelofthewind.com,2023-02-21T01:41:59.300Z,2023-02-21T01:41:59.300Z
61,212-brewing-company-davenport,212 Brewing Company,contract,21476 Route 23,,,Davenport,New York,,13750,United States,,,2123779050,,2023-02-21T01:41:59.300Z,2023-02-21T01:41:59.300Z
62,217-brew-works-wilson,217 Brew Works,micro,217 South St S,,,Wilson,North Carolina,,27893-4911,United States,-77.9120318,35.7227625,2529916959,,2023-02-21T01:41:59.300Z,2023-02-21T01:41:59.300Z
63,21st-amendment-brewery-cafe-san-francisco,21st Amendment Brewery Cafe,brewpub,563 2nd St,,,San Francisco,California,,94107-1411,United States,-122.3925769,37.782448,4153690900,http://www.21st-amendment.com,2023-02-21T01:41:59.300Z,2023-02-21T01:41:59.300Z
64,21st-amendment-brewery-san-leandro,21st Amendment Brewery,regional,2010 Williams St Unit A,,,San Leandro,California,,94577-2334,United States,-122.17729280237437,37.71130035804804,5105952111,http://www.21st-Amendment.com,2023-02-21T01:41:59.300Z,2023-02-21T01:41:59.300Z
65,21st-st-brewers-bar-saint-louis,21st St Brewers Bar,brewpub,2017 Chouteau Ave,,,Saint Louis,Missouri,,63103,United States,-90.213781,38.624291,3142416969,http://www.21stbrew.com,2023-02-21T01:41:59.300Z,2023-02-21T01:41:59.300Z
66,23-brewing-company-lizzie-bs-cafe-prestonsburg,23 Brewing Company / Lizzie B's Cafe,brewpub,2010 KY Route 321,,,Prestonsburg,Kentucky,,41653-9103,United States,,,6068862844,http://www.23brewingcompany.com,2023-02-21T01:41:59.300Z,2023-02-21T01:41:59.300Z
67,238-brewing-company-mead,238 Brewing Company,closed,10321 E Day Mt Spokane Rd,,,Mead,Washington,,99021,United States,,,5092382739,http://www.238brewing.com,2023-02-21T01:41:59.300Z,2023-02-21T01:41:59.300Z
68,23rd-street-brewery-lawrence,23rd Street Brewery,brewpub,3512 Clinton Pkwy,,,Lawrence,Kansas,,66047-2145,United States,-95.28093353,38.9429674,7858562337,http://www.brew23.com,2023-02-21T01:41:59.300Z,2023-02-21T01:41:59.300Z
69,26-degree-brewing-company-pompano-beach,26 Degree Brewing Company,micro,2600 E Atlantic Blvd,,,Pompano Beach,Florida,,33062-4940,United States,-80.1224169,26.2316338,9545326964,,2023-02-21T01:41:59.300Z,2023-02-21T01:41:59.300Z
70,28th-state-brewing-houston,28th State Brewing,planning,,,,Houston,Texas,,77095-6933,United States,,,,https://www.instagram.com/28thstatebrew/?hl=en,2023-02-21T01:41:59.300Z,2023-02-21T01:41:59.300Z
71,2c-family-brewing-co-nampa,2C Family Brewing Co.,micro,1215 1st St S,,,Nampa,Idaho,,83651-3957,United States,-116.559282,43.578989,2084753981,,2023-02-21T01:41:59.300Z,2023-02-21T01:41:59.300Z
72,2kids-brewing-company-san-diego,2Kids Brewing Company,micro,8680 Miralani Dr Ste 123,,,San Diego,California,,92126-6391,United States,-117.137429,32.896584,8584805437,http://www.2kidsBrewing.com,2023-02-21T01:41:59.300Z,2023-02-21T01:41:59.300Z
73,2nd-shift-brewing-co-saint-louis,2nd Shift Brewing Co,brewpub,1601 Sublette Ave,,,Saint Louis,Missouri,,63110-1924,United States,-90.280526,38.621943,6187910728,http://www.2ndshiftbrewing.com,2023-02-21T01:41:59.300Z,2023-02-21T01:41:59.300Z
74,2nd-story-brewing-company-philadelphia,2nd Story Brewing Company,brewpub,117 Chestnut St Frnt,,,Philadelphia,Pennsylvania,,19106-4700,United States,,,2673145770,http://www.2ndstorybrewing.com/,2023-02-21T01:41:59.300Z,2023-02-21T01:41:59.300Z
75,2sp-brewing-company-aston,2SP Brewing Company,micro,120 Concord Rd,,,Aston,Pennsylvania,,19014-2909,United States,,,4844837860,http://www.2spbrewing.com,2023-02-21T01:41:59.300Z,2023-02-21T01:41:59.300Z
76,3-beards-beer-company-williamsburg,3 Beards Beer Company,contract,4 Main St,,,Williamsburg,Massachusetts,,1096,United States,-72.7305059,42.3923659,6173837039,http://www.3beardsbeer.com,2023-02-21T01:41:59.300Z,2023-02-21T01:41:59.300Z
77,3-daughters-brewing-saint-petersburg,3 Daughters Brewing,micro,222 22nd St S,,,Saint Petersburg,Florida,,33712-1240,United States,-82.6629721,27.76899022,7274956002,http://www.3dbrewing.com,2023-02-21T01:41:59.300Z,2023-02-21T01:41:59.300Z
78,3-disciples-brewing-sebastopol,3 Disciples Brewing,micro,,,,Sebastopol,California,,95472-5937,United States,-122.8332502,38.3845125,7072287309,http://www.3disciplesbrewing.com/home,2023-02-21T01:41:59.300Z,2023-02-21T01:41:59.300Z
79,3-freaks-brewing-co-highlands-ranch,3 Freaks Brewing Co,micro,7140 E County Line Rd,,,Highlands Ranch,Colorado,,80126-3926,United States,-104.9426656,39.5659575,7202990994,http://www.3freaksbrewery.com,2023-02-21T01:41:59.300Z,2023-02-21T01:41:59.300Z
80,3-iron-brewing-company-colton,3 Iron Brewing Company,micro,898 Via Lata Ste A,,,Colton,California,,92324-3920,United States,-117.30669927548118,34.056168887703755,9095334892,http://www.3ironbrewingco.com,2023-02-21T01:41:59.300Z,2023-02-21T01:41:59.300Z
81,3-keys-brewing-company-llc-bradenton,"3 Keys Brewing Company, LLC",brewpub,2505 Manatee Ave E,,,Bradenton,Florida,,34208-2421,United States,-82.53393502,27.49645026,9412180396,http://www.3keysbrewing.com,2023-02-21T01:41:59.300Z,2023-02-21T01:41:59.300Z
82,3-nations-brewing-farmers-branch,3 Nations Brewing,micro,2405 Squire Pl Ste 200,,,Farmers Branch,Texas,,75234-4714,United States,-96.89883128,32.93044336,4696607184,http://www.threenationsbrewing.com,2023-02-21T01:41:59.300Z,2023-02-21T01:41:59.300Z
83,3-sheeps-brewing-co-sheboygan,3 Sheeps Brewing Co,micro,1837 North Ave,,,Sheboygan,Wisconsin,,53083-4620,United States,-87.73006524,43.77384561,9209469715,http://www.3sheepsbrewing.com,2023-02-21T01:41:59.300Z,2023-02-21T01:41:59.300Z
84,3-sheets-brewery-albany,3 Sheets Brewery,micro,136 W 1st Ave,,,Albany,Oregon,,97321,United States,,,5416190183,http://www.3sheetsbrewery.com,2023-02-21T01:41:59.300Z,2023-02-21T01:41:59.300Z
85,3-sons-brewing-co-dania,3 Sons Brewing Co.,proprietor,236 N Federal Hwy,,,Dania,Florida,,33004-2870,United States,-80.14361029,26.04800238,9546013833,http://www.3sonsbrewingco.com,2023-02-21T01:41:59.300Z,2023-02-21T01:41:59.300Z
86,3-stars-brewing-co-washington,3 Stars Brewing Co,micro,6400 Chillum Pl NW Ste B,,,Washington,District of Columbia,,20012-2111,United States,,,2026700333,http://www.3starsbrewing.com,2023-02-21T01:41:59.300Z,2023-02-21T01:41:59.300Z
87,3-trails-brewing-co-independence,3 Trails Brewing Co,micro,111 N Main St ,,,Independence,Missouri,,64050,United States,-94.41265,39.122385,8168866256,http://www.3trailsbrewing.com,2023-02-21T01:41:59.300Z,2023-02-21T01:41:59.300Z
88,30-mile-brewing-co-old-saybrook,30 Mile Brewing Co.,closed,39 Ragged Rock Rd Unit 5,,,Old Saybrook,Connecticut,,06475-1518,United States,,,8603395238,http://www.30milebrewingco.com,2023-02-21T01:41:59.300Z,2023-02-21T01:41:59.300Z
89,300-suns-brewing-company-longmont,300 Suns Brewing Company,brewpub,335 1st Ave Unit C,,,Longmont,Colorado,,80501-5958,United States,,,,http://www.300sunsbrewing.com,2023-02-21T01:41:59.300Z,2023-02-21T01:41:59.300Z
90,304-brewery-304-seodaemun-gu,브루어리304 (Brewery 304),brewpub,"7, Tongil-ro 11-gil",,,Seodaemun-gu,Seoul,,3734,South Korea,126.96257095027,37.569240924745,02-363-7304,https://www.brewery304.com/,2023-02-21T01:41:59.300Z,2023-02-21T01:41:59.300Z
91,32-north-brewing-co-san-diego,32 North Brewing Co,closed,8655 Production Ave Ste A,,,San Diego,California,,92121-2258,United States,-117.1649841601659,32.88313236843027,,,2023-02-21T01:41:59.300Z,2023-02-21T01:41:59.300Z
92,34-degree-north-experiment-station-shallotte,34 Degree North Experiment Station,micro,4802 Main St,,,Shallotte,North Carolina,,28470,United States,-78.38636517,33.97270364,,,2023-02-21T01:41:59.300Z,2023-02-21T01:41:59.300Z
93,350-brewing-co-tinley-park,350 Brewing Co,brewpub,7144 183rd St,,,Tinley Park,Illinois,,60477-3933,United States,-87.79160288,41.55864726,7088257339,http://www.350brewing.com,2023-02-21T01:41:59.300Z,2023-02-21T01:41:59.300Z
94,360-degree-brewing-company-sheffield-park,360 Degree Brewing Company,micro,Bluebell Business Estate,,,Sheffield Park,,East Sussex,TN22 3HQ,England,-0.00086,50.993912,1825722375,https://www.360degreebrewing.com/,2023-02-21T01:41:59.300Z,2023-02-21T01:41:59.300Z
95,38-state-brewing-littleton,38 State Brewing,micro,8071 S Broadway Ste A,,,Littleton,Colorado,,80122-2730,United States,,,7206383678,http://www.38statebrew.com,2023-02-21T01:41:59.300Z,2023-02-21T01:41:59.300Z
96,380-brewing-company-clancy,380 Brewing Company,planning,,,,Clancy,Montana,,59634,United States,,,2065796509,,2023-02-21T01:41:59.300Z,2023-02-21T01:41:59.300Z
97,38a-75a-brewing-rehoboth-beach,38°-75° Brewing,brewpub,2000 Coastal Highway STE 105,,,Rehoboth Beach,Delaware,,19971,United States,-75.090191,38.7074994,3022278519,,2023-02-21T01:41:59.300Z,2023-02-21T01:41:59.300Z
98,3cross-fermentation-cooperative-worcester,3cross Fermentation Cooperative,micro,4 Knowlton Ave,,,Worcester,Massachusetts,,1603,United States,-71.83057593,42.24364875,5086158195,http://www.3cross.coop,2023-02-21T01:41:59.300Z,2023-02-21T01:41:59.300Z
99,3halves-brewing-co-liberty,3Halves Brewing Co,brewpub,110 E Kansas St,,,Liberty,Missouri,,64068-2374,United States,-94.4190247,39.2461993,8164296886,http://www.3halvesbrewingco.com,2023-02-21T01:41:59.300Z,2023-02-21T01:41:59.300Z
100,3rd-degree-brewhouse-fuquay-varina,3rd Degree Brewhouse,micro,1625 N Main St,,,Fuquay Varina,North Carolina,,27526,United States,-78.794223,35.5914556,9192015457,http://www.facebook.com/3rddegreebrewhouse/,2023-02-21T01:41:59.300Z,2023-02-21T01:41:59.300Z
101,3rd-planet-brewing-niceville,3rd Planet Brewing,micro,120 Partin Dr N,,,Niceville,Florida,,32578-2053,United States,,,8505029952,http://www.facebook.com/3rdplanetbrewing/,2023-02-21T01:41:59.300Z,2023-02-21T01:41:59.300Z
102,3rd-rock-brewing-company-trenton,3rd Rock Brewing Company,micro,134 Industrial Park Dr,,,Trenton,North Carolina,,28585-9593,United States,-77.36749285,35.06939877,2526319213,http://www.3rockbrew.com,2023-02-21T01:41:59.300Z,2023-02-21T01:41:59.300Z
103,3rd-turn-brewing-louisville,3rd Turn Brewing,micro,10408 Watterson Trl,,,Louisville,Kentucky,,40299-3702,United States,-85.56656078,38.19322725,,http://www.3rdturnbrewing.com,2023-02-21T01:41:59.300Z,2023-02-21T01:41:59.300Z
104,3rd-wave-brewing-co-delmar,3rd Wave Brewing Co,micro,501 N Bi State Blvd,,,Delmar,Delaware,,19940-1106,United States,,,3029070423,http://www.3rdwavebrewingco.com,2023-02-21T01:41:59.300Z,2023-02-21T01:41:59.300Z
105,4-by-4-brewing-company-springfield,4 By 4 Brewing Company,micro,2811 E Galloway St Ste A,,,Springfield,Missouri,,65804-4601,United States,-93.239889,37.147986,4178616400,http://www.4by4brewingcompany.com,2023-02-21T01:41:59.300Z,2023-02-21T01:41:59.300Z
106,4-hands-brewing-co-saint-louis,4 Hands Brewing Co,regional,1220 S 8th St,,,Saint Louis,Missouri,,63104-3610,United States,-90.19762012,38.61526593,3144361559,http://www.4handsbrewery.com,2023-02-21T01:41:59.300Z,2023-02-21T01:41:59.300Z
107,4-noses-brewing-company-broomfield,4 Noses Brewing Company,micro,8855 W 116th Cir Ste 3,,,Broomfield,Colorado,,80021-2521,United States,,,7204602797,http://4nosesbrewing.com,2023-02-21T01:41:59.300Z,2023-02-21T01:41:59.300Z
108,4-stitch-brewing-co-bothell,4 Stitch Brewing Co,nano,7 192nd St SW,,,Bothell,Washington,,98012,United States,-122.23281873068436,47.82525617315347,2065958488,https://www.facebook.com/4stitchbeer/,2023-02-21T01:41:59.300Z,2023-02-21T01:41:59.300Z
109,400-north-brewing-sugarhill,400 North Brewing,planning,,,,Sugarhill,Georgia,,30518-7916,United States,,,4047911119,http://400northbrewing.com,2023-02-21T01:41:59.300Z,2023-02-21T01:41:59.300Z
110,405-brewing-co-norman,(405) Brewing Co,micro,1716 Topeka St,,,Norman,Oklahoma,,73069-8224,United States,-97.46818222,35.25738891,4058160490,http://www.405brewing.com,2023-02-21T01:41:59.300Z,2023-02-21T01:41:59.300Z
111,406-brewing-company-bozeman,406 Brewing Company,micro,"101 E Oak St, Ste D",,,Bozeman,Montana,,59715-2967,United States,,,4065853745,http://www.406brewingcompany.com,2023-02-21T01:41:59.300Z,2023-02-21T01:41:59.300Z
112,411-broadway-ales-fresno,411 Broadway Ales,planning,,,,Fresno,California,,93721-2801,United States,-119.7088613,36.7295295,5412706076,,2023-02-21T01:41:59.300Z,2023-02-21T01:41:59.300Z
113,412-brews-mc-kees-rocks,412 Brews,brewpub,706 Island Ave,,,Mc Kees Rocks,Pennsylvania,,15136-3287,United States,,,,http://www.412brews.com,2023-02-21T01:41:59.300Z,2023-02-21T01:41:59.300Z
114,42-north-brewing-company-east-aurora,42 North Brewing Company,brewpub,25 Pine St,,,East Aurora,New York,,14052-1827,United States,-78.607989,42.769311,7168057500,http://www.42northbrewing.com,2023-02-21T01:41:59.300Z,2023-02-21T01:41:59.300Z
115,4204-main-street-brewing-co-belleville,4204 Main Street Brewing Co,brewpub,4204 W Main St,,,Belleville,Illinois,,62226,United States,-90.02053343,38.53796122,6184167261,,2023-02-21T01:41:59.300Z,2023-02-21T01:41:59.300Z
116,450-north-brewing-company-simmons-winery-columbus,450 North Brewing Company @ Simmons Winery,brewpub,8111 E 450 N,,,Columbus,Indiana,,47203-8106,United States,,,8125460091,http://www.450northbrewing.com,2023-02-21T01:41:59.300Z,2023-02-21T01:41:59.300Z
117,47-hills-brewing-co-south-san-francisco,47 Hills Brewing Co,brewpub,137 S Linden Ave,,,South San Francisco,California,,94080-6410,United States,-122.4136168,37.64425595,6508678476,http://47hillsbrewingcompany.com,2023-02-21T01:41:59.300Z,2023-02-21T01:41:59.300Z
118,49th-state-brewing-co-anchorage-anchorage,49th State Brewing Co - Anchorage,brewpub,717 W 3rd Ave,,,Anchorage,Alaska,,99501-2104,United States,-149.8958196,61.2197366,9076832739,http://www.49statebrewing.com/,2023-02-21T01:41:59.300Z,2023-02-21T01:41:59.300Z
119,49th-state-brewing-co-healy,49th State Brewing Co,micro,248.4 Parks Hwy 5 Mile,,,Healy,Alaska,,99743,United States,-149.017877,63.864759,9076832739,https://www.49statebrewing.com/denali,2023-02-21T01:41:59.300Z,2023-02-21T01:41:59.300Z
120,4bs-brewery-cedaredge,4B's Brewery,brewpub,215 W Main St,,,Cedaredge,Colorado,,81413-3339,United States,-107.925782,38.900614,9708567762,http://www.4bsbrewery.com,2023-02-21T01:41:59.300Z,2023-02-21T01:41:59.300Z
121,4j-brewing-company-houston,4J Brewing Company,micro,1348 Cedar Post Ln.,,,Houston,Texas,,77055,United States,,,7136780776,https://4jbrewingcompany.com,2023-02-21T01:41:59.300Z,2023-02-21T01:41:59.300Z
122,4kd-crick-brewery-defiance,4kd Crick Brewery,brewpub,211 Carpenter Rd,,,Defiance,Ohio,,43512-1718,United States,-84.341647,41.296252,4199562863,http://Www.4kdcrickbrewery.com,2023-02-21T01:41:59.300Z,2023-02-21T01:41:59.300Z
123,4th-tap-brewing-cooperative-austin,4th Tap Brewing Cooperative,micro,10615 Metric Blvd,,,Austin,Texas,,78758-4520,United States,-97.7118913,30.3852024,5129089817,,2023-02-21T01:41:59.300Z,2023-02-21T01:41:59.300Z
124,5-alarm-brewing-co-lake-mills,5 Alarm Brewing Co,micro,211 W Main St,,,Lake Mills,Iowa,,50450,United States,-93.53398788,43.41926615,6415922739,,2023-02-21T01:41:59.300Z,2023-02-21T01:41:59.300Z
125,5-lakes-brewing-co-dorr,5 Lakes Brewing Co.,brewpub,1638 142nd Ave,,,Dorr,Michigan,,49323-9312,United States,-85.70445518,42.72497157,6163599555,http://www.5lakesbrewing.com,2023-02-21T01:41:59.300Z,2023-02-21T01:41:59.300Z
126,5-lamps-brewery-dublin,5 Lamps Brewery,regional,84-87 Camden St.,Saint Kevin's,Dublin 2,Dublin,,Dublin,D02 DH36,Ireland,-6.26585621,53.33596635,,https://the5lampsbrewery.com/home/,2023-02-21T01:41:59.300Z,2023-02-21T01:41:59.300Z
127,5-north-brewing-company-spokane,5 North Brewing Company,brewpub,6501 N Cedar Rd,,,Spokane,Washington,,99208,United States,-117.43284963068433,47.71758682546933,5093217818,http://5northbrewingcompany.com/,2023-02-21T01:41:59.300Z,2023-02-21T01:41:59.300Z
128,5-rabbit-cerveceria-inc-chicago,5 Rabbit Cerveceria Inc,micro,6398 W 74th St,,,Chicago,Illinois,,60638-6129,United States,-87.6572069,41.7595502,3128959591,http://www.5rabbitbrewery.com,2023-02-21T01:41:59.300Z,2023-02-21T01:41:59.300Z
129,5-rights-brewing-co-marysville,5 Rights Brewing Co,micro,1514 3rd St,,,Marysville,Washington,,98270,United States,-122.17629063068435,48.05156014950019,4253341026,http://www.5rightsbrewing.com,2023-02-21T01:41:59.300Z,2023-02-21T01:41:59.300Z
130,5-rivers-brewing-llc-spanish-fort,5 Rivers Brewing LLC,planning,,,,Spanish Fort,Alabama,,36527-3161,United States,-87.9152724,30.6749127,2516897483,http://5riversbrewing.com,2023-02-21T01:41:59.300Z,2023-02-21T01:41:59.300Z
131,5-seasons-brewing-co-prado-sandy-springs,5 Seasons Brewing Co - Prado,brewpub,5600 Roswell Rd,,,Sandy Springs,Georgia,,30342-1150,United States,-84.3796711,33.9078086,4042555911,http://www.5seasonsbrewing.com,2023-02-21T01:41:59.300Z,2023-02-21T01:41:59.300Z
132,5-seasons-brewing-co-westside-atlanta,5 Seasons Brewing Co - Westside,brewpub,1000 Marietta St NW Ste 204,,,Atlanta,Georgia,,30318-0683,United States,,,4048753232,http://www.5seasonsbrewing.com,2023-02-21T01:41:59.300Z,2023-02-21T01:41:59.300Z
133,5-stones-artisan-brewery-new-braunfels,5 Stones Artisan Brewery,micro,11335 Farm To Market Road 1863,,,New Braunfels,Texas,,78132,United States,-98.232345,29.711365,2103808215,,2023-02-21T01:41:59.300Z,2023-02-21T01:41:59.300Z
134,512-brewing-co-austin,(512) Brewing Co,micro,407 Radam Ln Ste F200,,,Austin,Texas,,78745-1197,United States,,,5129211545,http://www.512brewing.com,2023-02-21T01:41:59.300Z,2023-02-21T01:41:59.300Z
135,515-brewing-co-clive,515 Brewing Co,micro,7700 University Ave,,,Clive,Iowa,,50325-1271,United States,-93.7228408,41.599992,5156614615,http://www.515brewing.com,2023-02-21T01:41:59.300Z,2023-02-21T01:41:59.300Z
136,5150-brewing-at-the-brass-tap-rocklin-rocklin,5150 Brewing At The Brass Tap Rocklin,micro,5150 Commons Dr Ste 101,,,Rocklin,California,,95677-3925,United States,-121.207331,38.8047402,9162462729,http://www.brasstaprocklin.com,2023-02-21T01:41:59.300Z,2023-02-21T01:41:59.300Z
137,51st-state-brewing-company-kingsford,51st State Brewing Company,brewpub,115 Harding Ave,,,Kingsford,Michigan,,49802-3815,United States,-88.08819,45.808408,9068282167,http://www.51ststatebrewingcompany.com,2023-02-21T01:41:59.300Z,2023-02-21T01:41:59.300Z
138,51st-ward-beer-company-westmont,51st Ward Beer Company,contract,323 N Washington St,,,Westmont,Illinois,,60559-1512,United States,-87.981157,41.804494,7732205899,,2023-02-21T01:41:59.300Z,2023-02-21T01:41:59.300Z
139,54-40-brewing-company-washougal,54-40 Brewing Company,brewpub,3801 S Truman Rd Ste 1,,,Washougal,Washington,,98671-2589,United States,-122.32693485397346,45.56577849034631,3609077062,http://www.54-40brewing.com,2023-02-21T01:41:59.300Z,2023-02-21T01:41:59.300Z
140,550-brewing-aztec,550 Brewing,proprietor,119 E Chuska St,,,Aztec,New Mexico,,87410-2110,United States,-107.9950235,36.8213739,5054861094,http://Www.550brew.com,2023-02-21T01:41:59.300Z,2023-02-21T01:41:59.300Z
141,559-local-brewing-clovis,559 Local Brewing,micro,608 4th St,,,Clovis,California,,93612-1183,United States,-119.7017487,36.82517171,5594731875,http://www.fresnobrewingcompany.com,2023-02-21T01:41:59.300Z,2023-02-21T01:41:59.300Z
142,56-brewing-minneapolis,56 Brewing,micro,3055 Columbia Ave NE Ste 102,,,Minneapolis,Minnesota,,55418-1860,United States,,,6124040056,http://www.56brewing.com,2023-02-21T01:41:59.300Z,2023-02-21T01:41:59.300Z
143,5770-brewery-teutopolis,5770 Brewery,micro,303A W Main St,,,Teutopolis,Illinois,,62467-1355,United States,-88.47806652,39.13142194,6183397841,http://www.5770brewery.com,2023-02-21T01:41:59.300Z,2023-02-21T01:41:59.300Z
144,583-583-brewery-jangsu-gun,583 양조장(583 Brewery),brewpub,"583-8, Uiam-ro",Janggye-myeon,,Jangsu-gun,Jeollabukdo,,55621,South Korea,127.6205123,35.68271721,063-353-5515,http://www.583beer.modoo.at,2023-02-21T01:41:59.300Z,2023-02-21T01:41:59.300Z
145,5th-element-brewing-leander,5th Element Brewing,planning,,,,Leander,Texas,,78641-4009,United States,,,9156378199,,2023-02-21T01:41:59.300Z,2023-02-21T01:41:59.300Z
146,5th-line-brewing-co-yakima,5th Line Brewing Co,micro,1015 E Lincoln Ave Ste 106,,,Yakima,Washington,,98901,United States,-120.49304576136873,46.61136700515121,5093676300,https://5thlinebrewing.com/,2023-02-21T01:41:59.300Z,2023-02-21T01:41:59.300Z
147,5x5-brewing-co-mission,5x5 Brewing Co.,planning,,,,Mission,Texas,,78572-6215,United States,,,9565291353,http://www.5x5brewing.com,2023-02-21T01:41:59.300Z,2023-02-21T01:41:59.300Z
148,6-and-40-brewerytaproom-lakewood,6 & 40 Brewery/Taproom,planning,,,,Lakewood,Colorado,,80215-5548,United States,-105.1100582,39.6311085,3032325347,http://www.tomsbrewshop.com,2023-02-21T01:41:59.300Z,2023-02-21T01:41:59.300Z
149,6-bears-and-a-goat-brewing-company-llc-fredericksburg,"6 Bears & A Goat Brewing Company, LLC",brewpub,1140 International Pkwy,,,Fredericksburg,Virginia,,22406-1126,United States,,,54035690562,http://www.6bgbrewingco.com,2023-02-21T01:41:59.300Z,2023-02-21T01:41:59.300Z
150,6-bridges-brewing-johns-creek,6 Bridges Brewing,planning,,,,Johns Creek,Georgia,,30097,United States,,,7708460292,http://www.sixbridgesbrewing.com,2023-02-21T01:41:59.300Z,2023-02-21T01:41:59.300Z
151,6-degrees-of-separation-ossining,6 Degrees of Separation,brewpub,35 Main St,,,Ossining,New York,,10562-4662,United States,-73.86768188,41.15866213,9144325969,http://www.6degreesbp.com,2023-02-21T01:41:59.300Z,2023-02-21T01:41:59.300Z
152,603-brewery-londonderry,603 Brewery,micro,12 Liberty Dr Unit 7,,,Londonderry,New Hampshire,,03053-2286,United States,,,6036307745,http://www.603brewery.com,2023-02-21T01:41:59.300Z,2023-02-21T01:41:59.300Z
153,608-brewing-company-la-crosse,608 Brewing Company,planning,,,,La Crosse,Wisconsin,,54603,United States,,,,http://www.608brewingcompany.com,2023-02-21T01:41:59.300Z,2023-02-21T01:41:59.300Z
154,612-brew-minneapolis,612 Brew,micro,945 Broadway St NE,,,Minneapolis,Minnesota,,55413-1471,United States,-93.2062058,45.000631,6129648939,http://www.612brew.com,2023-02-21T01:41:59.300Z,2023-02-21T01:41:59.300Z
155,6th-and-la-brea-los-angeles,6th and La Brea,brewpub,600 South La Brea Ave,,,Los Angeles,California,,90036,United States,-118.3440213,34.0730485,,http://www.6thlabrea.com,2023-02-21T01:41:59.300Z,2023-02-21T01:41:59.300Z
156,7-devils-brewing-co-coos-bay,7 Devils Brewing Co,brewpub,247 S 2nd St,,,Coos Bay,Oregon,,97420-1642,United States,-124.2147508,43.36654751,5418083738,http://www.7devilsbrewery.com,2023-02-21T01:41:59.300Z,2023-02-21T01:41:59.300Z
157,7-hermits-brewing-company-eagle,7 Hermits Brewing Company,brewpub,PO Box 3186,,,Eagle,Colorado,,81631-3186,United States,,,9704714979,http://www.7hermitsbrewing.com,2023-02-21T01:41:59.300Z,2023-02-21T01:41:59.300Z
158,7-hills-brewing-company-dubuque,7 Hills Brewing Company,brewpub,1085 Washington St,,,Dubuque,Iowa,,52001-4932,United States,-90.6635263,42.5045556,5635878306,http://www.7hillsbrew.com,2023-02-21T01:41:59.300Z,2023-02-21T01:41:59.300Z
159,7-locks-brewing-rockville,7 Locks Brewing,micro,12227 Wilkins Ave,,,Rockville,Maryland,,20852-1833,United States,,,3018417123,http://www.7locksbrewing.com,2023-02-21T01:41:59.300Z,2023-02-21T01:41:59.300Z
160,7-mile-brewery-rio-grande,7 Mile Brewery,micro,3156 Route 9 South Ste 1-2,,,Rio Grande,New Jersey,,8242,United States,,,6093657777,http://www.7milebrew.com,2023-02-21T01:41:59.300Z,2023-02-21T01:41:59.300Z
161,7-seas-brewing-co-tacoma,7 Seas Brewing Co,micro,2101 Jefferson Ave,,,Tacoma,Washington,,98402-1519,United States,-122.4390379,47.242614,2535727771,http://www.7seasbrewing.com,2023-02-21T01:41:59.300Z,2023-02-21T01:41:59.300Z
162,7-sins-brewery-ripley,7 Sins Brewery,micro,10593 W Main Rd,,,Ripley,New York,,14775-9746,United States,-79.7497349,42.24869073,7165812090,http://www.7sinsbrewery.com,2023-02-21T01:41:59.300Z,2023-02-21T01:41:59.300Z
163,7-sisters-brewing-co-san-luis-obispo,7 Sisters Brewing Co,brewpub,181 Tank Farm Rd Ste 110,,,San Luis Obispo,California,,93401-7082,United States,-120.6706375,35.2467278,8058687133,http://www.7sistersbrewing.com,2023-02-21T01:41:59.300Z,2023-02-21T01:41:59.300Z
164,718brewcafe-llp-metropolis,"718BrewCafe, LLP",brewpub,718 Market St,,,Metropolis,Illinois,,62960-1634,United States,-88.73129158,37.15373334,6185247180,http://www.718BrewCafe.com,2023-02-21T01:41:59.300Z,2023-02-21T01:41:59.300Z
165,734-brewing-company-ypsilanti,734 Brewing Company,micro,15 E Cross St,,,Ypsilanti,Michigan,,48198,United States,-83.61103475,42.24586784,7346496453,,2023-02-21T01:41:59.300Z,2023-02-21T01:41:59.300Z
166,7th-settlement-brewery-dover,7th Settlement Brewery,brewpub,47 Washington St,,,Dover,New Hampshire,,03820-3877,United States,-70.8728379,43.1953787,6033731001,http://www.7thsettlement.com,2023-02-21T01:41:59.300Z,2023-02-21T01:41:59.300Z
167,7th-wave-brewing-medfield,7th Wave Brewing,micro,120 N Meadows Rd Ste 8,,,Medfield,Massachusetts,,02052-1594,United States,,,6176453397,http://www.7thwavebrewing.com,2023-02-21T01:41:59.300Z,2023-02-21T01:41:59.300Z
168,7venth-sun-brewery-dunedin,7venth Sun Brewery,micro,1012 Broadway,,,Dunedin,Florida,,34698-5762,United States,,,7277333013,http://www.7venthsun.com,2023-02-21T01:41:59.300Z,2023-02-21T01:41:59.300Z
169,7venth-sun-tampa-tampa,7venth Sun Tampa,micro,6809 N Nebraska Ave,,,Tampa,Florida,,33604-5660,United States,-82.4500207,27.9495902,8132315900,,2023-02-21T01:41:59.300Z,2023-02-21T01:41:59.300Z
170,8-bit-aleworks-avondale,8-Bit Aleworks,micro,1050 N Fairway Dr Bldg F Ste 10,,,Avondale,Arizona,,85323-5206,United States,,,6239251650,http://www.8-bitaleworks.com,2023-02-21T01:41:59.300Z,2023-02-21T01:41:59.300Z
171,8-bit-brewing-company-murrieta,8 Bit Brewing Company,brewpub,26755 Jefferson Ave Ste F,,,Murrieta,California,,92562-6941,United States,-117.17625419083654,33.530334483610716,9516772322,http://www.8bitbrewerycompany.com,2023-02-21T01:41:59.300Z,2023-02-21T01:41:59.300Z
172,81-artisan-chichester,81 Artisan,micro,Chilgrove Road,Lavant,,Chichester,,West Sussex,PO18 9HP,England,-0.81111,50.89212,7990035736,https://81artisan.com/,2023-02-21T01:41:59.300Z,2023-02-21T01:41:59.300Z
173,attaboy-beer-frederick,Attaboy Beer,micro,400 Sagner Ave Ste 400,,,Frederick,Maryland,,21701-6083,United States,,,4157106459,,2023-02-21T01:41:59.300Z,2023-02-21T01:41:59.300Z
174,81bay-brewing-company-tampa,81Bay Brewing Company,micro,4465 W Gandy Blvd Ste 600,,,Tampa,Florida,,33611-3379,United States,,,8133722739,http://81baybrewco.com,2023-02-21T01:41:59.300Z,2023-02-21T01:41:59.300Z
175,841-brewhouse-whitewater,841 Brewhouse,brewpub,841 E Milwaukee St,,,Whitewater,Wisconsin,,53190-2126,United States,-88.71427344,42.8323014,2624738000,,2023-02-21T01:41:59.300Z,2023-02-21T01:41:59.300Z
176,8one8-brewing-company-canoga-park,8one8 Brewing Company,micro,8951 de Soto Ave,,,Canoga Park,California,,91304-5901,United States,-118.5885323,34.2218019,8188352286,http://www.818brewing.com,2023-02-21T01:41:59.300Z,2023-02-21T01:41:59.300Z
177,8th-street-ale-haus-sheboygan,8th Street Ale Haus,brewpub,1132 N 8th St,,,Sheboygan,Wisconsin,,53081-3402,United States,-87.71305702,43.75674392,9202087540,http://www.sheboyganalehaus.com,2023-02-21T01:41:59.300Z,2023-02-21T01:41:59.300Z
178,8th-ward-brewing-company-poughkeepsie,8th Ward Brewing Company,planning,,,,Poughkeepsie,New York,,12603-3401,United States,,,,,2023-02-21T01:41:59.300Z,2023-02-21T01:41:59.300Z
179,8th-wonder-brewery-houston,8th Wonder Brewery,micro,2202 Dallas St,,,Houston,Texas,,77003-3519,United States,-95.3559402,29.7487783,7133970072,http://www.8thwonderbrew.com,2023-02-21T01:41:59.300Z,2023-02-21T01:41:59.300Z
180,9-white-deer-brewery-macroom,9 White Deer Brewery,micro,Ballymakeera,,,Macroom,,Cork,P12 E277,Ireland,-9.146507143,51.936249,35302627110,http://www.9whitedeer.ie/,2023-02-21T01:41:59.300Z,2023-02-21T01:41:59.300Z
181,903-brewers-sherman,903 Brewers,micro,1718 S Elm St,,,Sherman,Texas,,75090-8725,United States,-96.60698055,33.61788732,2142438090,http://www.903brewers.com,2023-02-21T01:41:59.300Z,2023-02-21T01:41:59.300Z
182,927-beer-company-cambria,927 Beer Company,micro,821 Cornwall St,,,Cambria,California,,93428-2434,United States,-121.0985408,35.5666725,8052035265,http://www.cambriabeerco.com,2023-02-21T01:41:59.300Z,2023-02-21T01:41:59.300Z
183,95ate5-brewpub-saint-john,95ate5 Brewpub,brewpub,9585 N Industrial Dr,,,Saint John,Indiana,,46373,United States,-87.46380305,41.44400246,2193656506,http://www.95ate5.com,2023-02-21T01:41:59.300Z,2023-02-21T01:41:59.300Z
184,993993-praha-suyeong-gu,프라하993(993 Praha),brewpub,"20, Gurak-ro 123beon-gil",,,Suyeong-gu,Busan,,48212,South Korea,129.11542954562745,35.17760200598895,051-757-2703,http://praha993.com/,2023-02-21T01:41:59.300Z,2023-02-21T01:41:59.300Z
185,9th-hour-brewing-company-llc-spring-grove,9th Hour Brewing Company LLC,planning,,,,Spring Grove,Illinois,,60081-9459,United States,,,,,2023-02-21T01:41:59.300Z,2023-02-21T01:41:59.300Z
186,a-homestead-brew-valley-springs,A Homestead Brew,micro,26685 486th Ave,,,Valley Springs,South Dakota,,57068-7309,United States,-96.49421923,43.51733014,6055535015,http://www.ahomesteadbrew.com,2023-02-21T01:41:59.300Z,2023-02-21T01:41:59.300Z
187,a-little-madness-brewing-company-pensacola,A Little Madness Brewing Company,planning,,,,Pensacola,Florida,,32514-8122,United States,,,,http://www.ALittleMadnessBrewingCompany.com,2023-02-21T01:41:59.300Z,2023-02-21T01:41:59.300Z
188,aardwolf-brewing-company-jacksonville,Aardwolf Brewing Company,micro,1461 Hendricks Ave,,,Jacksonville,Florida,,32207-8622,United States,-81.6545197,30.3108962,9043010755,http://www.aardwolfbrewing.com,2023-02-21T01:41:59.300Z,2023-02-21T01:41:59.300Z
189,abandon-brewing-penn-yan,Abandon Brewing,micro,2994 Merritt Hill Rd,,,Penn Yan,New York,,14527-8938,United States,,,5852093276,http://www.abandonbrewing.com,2023-02-21T01:41:59.300Z,2023-02-21T01:41:59.300Z
190,abandoned-building-brewery-easthampton,Abandoned Building Brewery,micro,142 Pleasant St Unit 103A,,,Easthampton,Massachusetts,,01027-2805,United States,,,4132827062,http://www.abandonedbuildingbrewery.com,2023-02-21T01:41:59.300Z,2023-02-21T01:41:59.300Z
191,abbey-brewing-co-miami-beach,Abbey Brewing Co,contract,1115 16th St,,,Miami Beach,Florida,,33139-2441,United States,-80.1402943,25.7890381,3055388110,,2023-02-21T01:41:59.300Z,2023-02-21T01:41:59.300Z
192,abbey-brewing-company-llc-santa-fe,"Abbey Brewing Company, LLC",micro,215 W. Alicante Rd,,,Santa Fe,New Mexico,,87505,United States,-105.9465207,35.66555826,5056706802,http://www.abbeybrewing.biz,2023-02-21T01:41:59.300Z,2023-02-21T01:41:59.300Z
193,aberrant-ales-howell,Aberrant Ales,brewpub,219 W Grand River Ave,,,Howell,Michigan,,48843,United States,-83.93094539,42.60773722,5175188699,http://www.aberrantales.com,2023-02-21T01:41:59.300Z,2023-02-21T01:41:59.300Z
194,abide-brewing-company-newnan,Abide Brewing Company,micro,110 Werz Industrial Blvd Ste 130,,,Newnan,Georgia,,30263-5802,United States,-84.76356641,33.40257035,6789726747,http://www.abidebrewing.com,2023-02-21T01:41:59.300Z,2023-02-21T01:41:59.300Z
195,abigaile-hermosa-beach,Abigaile,brewpub,1301 Manhattan Ave,,,Hermosa Beach,California,,90254-3666,United States,-118.4048656,33.8734519,3107988227,http://abigailrestaurant.com,2023-02-21T01:41:59.300Z,2023-02-21T01:41:59.300Z
196,abita-brewing-co-covington,Abita Brewing Co,regional,166 Barbee Rd,,,Covington,Louisiana,,70433-8651,United States,,,9858933143,http://www.abita.com,2023-02-21T01:41:59.300Z,2023-02-21T01:41:59.300Z
197,abjuration-brewing-mc-kees-rocks,Abjuration Brewing,micro,644 Broadway Ave,,,Mc Kees Rocks,Pennsylvania,,15136-3008,United States,,,4127661668,http://www.abjurationbrewing.com,2023-02-21T01:41:59.300Z,2023-02-21T01:41:59.300Z
198,able-baker-brewing-henderson,Able Baker Brewing,micro,1051 Mary Crest Rd #K,,,Henderson,Nevada,,89104,United States,,,7025817742,http://www.ablebakerbrewing.com,2023-02-21T01:41:59.300Z,2023-02-21T01:41:59.300Z
199,able-ebenezer-brewing-company-merrimack,Able Ebenezer Brewing Company,micro,31 Columbia Cir,,,Merrimack,New Hampshire,,03054-4161,United States,-71.493705,42.851742,8442232253,http://www.ableebenezer.com,2023-02-21T01:41:59.300Z,2023-02-21T01:41:59.300Z
